{"labels": [14, 15], "scores": [0.9999244213104248, 0.07531163841485977], "bboxes": [[377.1529235839844, 413.4674377441406, 1003.1934204101562, 1864.9869384765625], [25.61366081237793, 899.8877563476562, 439.9744873046875, 1683.726806640625]], "masks": [{"size": [1920, 1440], "counts": "W`Tf0Z1Pm0h8_VOh9eb0]c0bM^1\\O<D<F9H9G7I8J6H7K4L4L5L3M3M3N2N2M4M2N2O1N2N2O1O1N3N1O1O1O1O1M3O1N3M2O1O1N2O1O1O1O1O1O1O2N100O1O100O1O100O100000000000000000000O2O000000000000000000000000000000000O100000000000000000000000000000000000000000000000000000000000000000000000000000000000000O1000000000000000000000000000000000000000000000000000000000000000000000000000000000000000000000000000000000000000000000000000000000000000000000000000000000000000000000000000000000000000000000000000000000000000000000000000000000000000000000000000000000000000000000000000000000000000000000000000000000000000000000000000000000000000000000000000000000000000000000000000000000000000000000000000000000000000000000000000000000000000000000000000000000000000000000000000000000000000000000000000000000000000000000000000000000000000000000000000000000000000000000000000000000000000000000000000000000000000000000000000000000000000000000000000000000000000000000000000000000000000000000000000000000000000000000000000000000000000000000O1000000000000000000000000000000000000000000000000000000000000000000000000O10000000000000000000000000000000000000000000000O10000000000O10000000000O100000000O100000000O10001O0000000000000O100000000000001O0O10000000000O1000001O0O1000000O100000001N1000000O2N2M4L4L4K5G:[Od0YOi0YOP1POk1[gNQ@c?^NVGg3lJ][ci0"}, {"size": [1920, 1440], "counts": "gga1^b0gX1Y1nNj0F8H8I7J5K3N3M3M3M2N3L4M3L4L4J6K5K5L4L4M3L2N3L4L3N3N2N1O2N101N1O2O0O101O00001O0000001N1000001O0000000000010O00000000000001O000001O000O10000000000O1000000000000000000001O000000001O0000000000000000000000000000O10000000000001O0000001O000O101O0000001O000000O100000000000000000000000O2O0000000O100000000O1000000O1000000000000000000000000000000000001O0000001O000000001O0000O10000O10001O0O1000000O10000001O001N101O001N2O1O2N1N3N2N1OO10000O101O000O10001O000O1001O2N2N2N3M3M3M4M3L3M4L3M3M3M2N1O0000000000000000001O000000011M2O1O2N001O001O001O001O001O0000O100O100O100O1O1O1O1N2N2O2M110000O10000O10000O100O100O100O100000O10O10000000O10O100000001O1N2O1O1O1O1O2N2N2M2N2N2M3M3L4UIaiNQHaV1f7oiNQHTV1f7ZjNRHiU1f7bjNUH`U1i7ejNRH]U1k7hjNQHZU1m7ijNPHYU1n7jjNoGXU1o7kjNoGVU1n7mjNPHVU1m7mjNQHTU1l7PkNQHSU1k7QkNSHQU1j7SkNRHQU1i7VkNoGXU1\\OmhN^NUOS2o2JdU1QO]hNkNZOQ2j2OeU1oN^hNhN^OP2c27eU1kNchNdN@P2]2=eU1jNhhN\\NAT2V2c0fU1hNkhNWNCU1oNSNQ3f3gU1fNnhNQNEU1m2Q2dT1dNSiNlMET1j2[2dT1^NPlNfNDi2ZU1cMckNnN[O\\3VU1bM_QO]2dn0^M`QO_2dn0]M^QOb2dn0[M^QOc2en0ZM]QOe2dn0XM_QOf2dn0WM^QOh2dn0TM_QOk2dn0PM_QOn2en0nL_QOo2m[1L2M4M3L3N2N2M3N1N3M2N3M2N3M2M5K4M5H8A`0AmZPl1"}]}