{"labels": [6, 15, 6], "scores": [0.9998080134391785, 0.8632708191871643, 0.08472198992967606], "bboxes": [[337.3667297363281, 872.7134399414062, 1217.81494140625, 1401.8509521484375], [474.2324523925781, 38.60603332519531, 1385.9918212890625, 975.2636108398438], [785.356201171875, 921.4714965820312, 1224.44921875, 1377.4991455078125]], "masks": [{"size": [1920, 1440], "counts": "]hhc0m:5VGk]1V=fN7I5K4L4L4M2M2O1N101N2O001N101O000000000000001O00000000000000001O0000000000000000001O000000000000000000O100000000000000000000000000O100000000000000000000O1000000000000000000000000000000000000000000O10000000000000000000000000000001O00000000000000000000001O0000000000000000000000000000000000000000000000000000000000000000O1000000000000000000000000000000000000001O00000000000000000000001O0000000000000000000000000000000000000000000000000000000000000000000000000000000000000000000000000000000000000000000000000000000000O100000000000000000000000000000000000000000000000000001O01O0000000000000000000000000O1000000000000000000000000000000000000000000O1000000000000000000000000000000000000000000000000001O000000000000000000000000000000000000000000000001O0000000001O000000000000000000000000000000000000000000000000000000000000000000000000000000000000000000000000000000000001O000000000000000000000000000000001O00000000000000000000000000000000001O000000000000000000000000000000001O0000000000O10000000000000000000001O00000000000000000000000000000000000000000000000000000000000001O00000000000000000000000000000000001O000000000000001O000000000000001O0000000000001O0000000000001O00000000000000001O00000000000000001O00000000000000000000001O00000000000000000000001O000000000000000000000000001O00000000000000000000000000000000000000001O000000000000000000000000000000000000000000000000000000001O0000000000000000000000000000000000000000000000000000000000000000000000000000000000000000000000000000000000000000000000000000000000O100000000000000000000000000000000000000000000000000000000000000000000000000000000000000000000001O00000000000000000000000000000000001O0000000000000O10000000000000001O0000000000000000000000000000000000000000001O0000000000001N101O1N101N2O1N3M3M3N3L4H8F;E`[o<"}, {"size": [1920, 1440], "counts": "jdlk02`=`1an0_OVQOf1]m0kNZROm1il0aNoROg1dl0eNUSOa1`l0lN]iNjMm6_3[o0RO_iNZN_6h2io0YO_iN]N]6_2ko0]O`iNaNX5VNjIP4VW1B`iNeNo0bMg1^5gS1_NViNROk0bMP2o4mS1_NchN0k0QM]2c4ST1b3bhNYHT3W4XT1b5`kNaJ^T1e5\\kN]JcT1e5[kN[JeT1f5YkN\\JfT1f5XkNZJhT1g5WkNZJhT1g5VkNZJjT1g5UkNYJkT1h5TkNYJkT1h5SkNYJmT1h5RkNYJmT1h5RkNXJnT1i5PkNYJoT1g5QkNYJoT1h5ojNZJPU1g5ojNYJQU1g5ojNZJPU1g5njNZJRU1g5mjNZJRU1f5mjN[JSU1f5ljN[JSU1e5ljN\\JTU1e5kjN\\JTU1d5kjN]JTU1e5jjN]JUU1c5kjN^JTU1c5jjN^JVU1b5jjN_JUU1a5jjNaJUU1`5ijNaJWU1_5ijNbJVU1^5ijNdJVU1]5hjNdJXU1\\5gjNhJVU1Y5hjNkJUU1V5hjNQKSU1P5jjNVKRU1l4jjN[KQU1f4hjNdKTU1^4`jNPL\\U1Q4ZjN]LaU1S=N2N2N2N2N3M2N3M2N3M3M3M3M3M6J5K5K4L4L4L3M8H?A^1bN1O1O001O010O001O001O01O01O000010O000001O01O0001O01O0001O01O00000010O0000001O0000001N1000001O00001O0000001O00001O00001O00001O00001O000000000000000000000001O0O1000000000001O000000000000000O101O000000000001O00001O001O00010O001O001O001O1O001O1O001O1O100O1O2N1O2N1O1O2N00O10000O2O0O1O100O1O1O1O1O1O1O10001N100O10000O10000O10000O10000000O2N2N2N1O2N2NT1lN101N101N1O101N100O2O000O2O0O101N10001N10000O2O0000000000001O00000000000000000001O01O000000000000000000000000001O00000000000000000000000O10000000000000000000001O0000000000000O100000000001O0000000000000000000000000000000000000000000001O00000000000000000000000000000000000O1000000000000000000000000000001O0O100000000001O00000000000000000000000000000000000000000000000000000000000000000000000000000000000000000000000000000000000000000001O00000O10000000000000000000000000000000000000000000000000000000000000000000000000000000000000000000000O100000000000000000000000000000000000000000000000000000000000000000000000000000000O100000000000000000000000000000000000000000000000000000000001O000000000000000000000000O100000000000000000000000000000000000000000000000000000000000000000000000000000000000O1000000000000000000000000000000000000000000O100000000000000000000000000000000000000000000000000000000000000000000001O0000000000000000000001O0000000000000001O0000000000000000000000000000000000000000000000000000000000O10000000000000000000000000O100000000000000000000000000000000000000000000000O10000000000000000000000000000000000000000000000O10000000000000000000O100001O0O100XJ[QOU^Oen0ga0bQOV^O^n0fa0jQOV^OVn0fa0QROV^OPn0ea0YROW^Ogm0ea0aROW^O_m0ea0iROW^OWm0ca0SSOX^Onl0i`0UTOS_Okk0l`0\\TOn^Oek0Pa0bTOj^O^k0Ua0hTOe^OYk0Za0nTO`^ORk0`a0RUO\\^Onj0ca0XUOW^Oij0ha0]UOS^Ocj0la0eUOm]O[j0Rb0lUOg]OUj0Yb0SVO_]Omi0`b0[VOY]Oei0fb0_VOV]Oci0hb0_VOW]Oai0ib0aVOU]O_i0jb0cVOT]O^i0lb0cVOS]O]i0lb0eVOS]O[i0lb0gVOR]OZi0nb0gVOQ]OYi0nb0iVOP]OXi0Pc0iVOo\\OWi0Pc0jVOP]OVi0Pc0kVOo\\OUi0Qc0kVOo\\OUi0Qc0lVOm\\OVi0Rc0jVOn\\OVi0Qc0lVOn\\OTi0Rc0lVOn\\OTi0Rc0mVOm\\OSi0Sc0mVOm\\OSi0Rc0oVOm\\OQi0Sc0oVOm\\OQi0Sc0PWOk\\OQi0Uc0oVOk\\OQi0Uc0oVOk\\OQi0Tc0QWOk\\Ooh0Uc0QWOk\\Ooh0Uc0RWOj\\Onh0Vc0RWOj\\Onh0Uc0TWOi\\Omh0Wc0SWOh\\Onh0Xc0SWOg\\Omh0Yc0SWOf\\Onh0Zc0SWOe\\Omh0Zc0TWOe\\Onh0Zc0RWOe\\Ooh0[c0RWOd\\Onh0\\c0RWOc\\Ooh0\\c0SWOb\\Onh0^c0RWOa\\Ooh0_c0RWO`\\Onh0`c0RWO_\\Ooh0ac0RWO]\\Ooh0bc0SWOY\\ORi0ec0QWOS\\OVi0kc0lVOo[OZi0nc0jVOj[O]i0i`0doNZBeW1^9\\hNZG8gMOXO_W1`;ghNVG5eM6YOQW1m7XhNRKj0H1cM?YO`V1R8cjNlHlNOoN<n0oNbX1b7aiNWH`N2XOk0fZ1c6fkNoHeT1X3QdN`Mo0oNm6JcT1g2f<jMYoX3"}, {"size": [1920, 1440], "counts": "aiP^14i0;@]38i1X_1T8\\N4M2N2N2N2N101O000000000000000000000000000000000000000000000000000000000000000000000000000000000000000000000000000000000000000000000000000000000000000000000000000000000000000000000000000000000000000000000000000000000000000000000000000O1000000000000000000000000000000000000000000000000000000000000000000000000000000000000000000000000000000000000000000000000000000000000000000000000000000000000000000000000000000000000000000000000000000000000000000000000000000000000000000000000000000000000000000000000000000000000000000000000000000000000000000000000000000000000000000000000000000000000000000000000000000000000001O0000000000000000000000000000000000000000000000000000000000000000000000000000000000000000000000000000000000000000000000000000000000000000000000000000000O10000001O0000000000000000000000000000000000000000000000000000000000000000000000000000000000000001N2O0O2N3M2N3LPSd<"}]}