{"labels": [1, 8, 10, 12, 13, 18, 18, 1, 1, 10, 15, 1, 1, 18, 1, 10, 1, 8, 10, 17, 18, 18, 1, 13, 18, 1, 1, 10, 13, 1, 1, 1, 1, 18, 18, 1, 1, 8, 17, 18, 0, 1, 6, 8, 10, 17, 18, 10, 10, 18, 1, 1, 10, 1, 15, 1, 10, 13, 15, 18, 1, 10, 1, 18, 18, 1, 8, 10, 17, 18, 1, 2, 3, 4, 5, 6, 7, 8, 9, 10, 11, 12, 13, 14, 15, 17, 18, 19, 10, 1, 1, 1, 18, 10, 1, 10, 10, 1, 18, 0], "scores": [0.0063271233811974525, 0.004290476907044649, 0.004426265601068735, 0.00477091409265995, 0.004382923245429993, 0.005388097837567329, 0.004480138421058655, 0.003939274698495865, 0.003882619086652994, 0.004053398501127958, 0.0038427007384598255, 0.004152605775743723, 0.0041704243049025536, 0.0038584591820836067, 0.0038773866835981607, 0.0041740164160728455, 0.00435132160782814, 0.004837545566260815, 0.004225726705044508, 0.004583544097840786, 0.003959023393690586, 0.003960035275667906, 0.0040426249615848064, 0.0040823486633598804, 0.003976908046752214, 0.003870968008413911, 0.009699792601168156, 0.0057106297463178635, 0.00406572176143527, 0.004068373236805201, 0.004097117111086845, 0.003854733658954501, 0.0045594386756420135, 0.003950833808630705, 0.003838499542325735, 0.0040010930970311165, 0.004000830929726362, 0.003841627622023225, 0.004060561768710613, 0.0041836220771074295, 0.004075632896274328, 0.004772610496729612, 0.004563875496387482, 0.005282266065478325, 0.006943867541849613, 0.005637656897306442, 0.004438085947185755, 0.004261871334165335, 0.0038865029346197844, 0.003887502010911703, 0.0039587863720953465, 0.003978435881435871, 0.004279829561710358, 0.003844480961561203, 0.004065250512212515, 0.0064919618889689445, 0.005258090794086456, 0.004843977279961109, 0.0045495787635445595, 0.004389313980937004, 0.003881798591464758, 0.004401769954711199, 0.004584057722240686, 0.0041785696521401405, 0.003970478195697069, 0.004552071448415518, 0.0048861149698495865, 0.004529302474111319, 0.004693075083196163, 0.004114264622330666, 0.007130841724574566, 0.022134674713015556, 0.003925716504454613, 0.012648026458919048, 0.0057030352763831615, 0.029148321598768234, 0.016131116077303886, 0.006725606508553028, 0.009989793412387371, 0.004988088272511959, 0.011635850183665752, 0.007586260791867971, 0.012027975171804428, 0.9410682320594788, 0.005403198301792145, 0.012760311365127563, 0.005344609264284372, 0.004770956933498383, 0.004245449788868427, 0.004051631782203913, 0.004164054524153471, 0.0042954664677381516, 0.004124225117266178, 0.0038728753570467234, 0.003928781021386385, 0.00405942602083087, 0.004230000544339418, 0.003878167597576976, 0.004398753400892019, 0.0038367004599422216], "bboxes": [[406.70294189453125, 568.9256591796875, 1163.232666015625, 1835.3037109375], [406.70294189453125, 568.9256591796875, 1163.232666015625, 1835.3037109375], [406.70294189453125, 568.9256591796875, 1163.232666015625, 1835.3037109375], [406.70294189453125, 568.9256591796875, 1163.232666015625, 1835.3037109375], [406.70294189453125, 568.9256591796875, 1163.232666015625, 1835.3037109375], [406.70294189453125, 568.9256591796875, 1163.232666015625, 1835.3037109375], [474.5072326660156, 399.22979736328125, 1033.2432861328125, 1200.049560546875], [739.9105834960938, 981.2096557617188, 1284.14013671875, 1716.0693359375], [638.7849731445312, 833.1165771484375, 1459.883544921875, 1768.944580078125], [638.7849731445312, 833.1165771484375, 1459.883544921875, 1768.944580078125], [638.7849731445312, 833.1165771484375, 1459.883544921875, 1768.944580078125], [901.1236572265625, 865.6880493164062, 1085.7132568359375, 1214.580322265625], [526.1253662109375, 749.4742431640625, 1040.9005126953125, 1355.8099365234375], [361.87457275390625, 491.3597412109375, 873.5023803710938, 1157.50048828125], [451.5754089355469, 49.45329284667969, 1350.861328125, 690.3711547851562], [766.2182006835938, 907.5261840820312, 1113.396484375, 1721.3680419921875], [403.4703674316406, 486.71588134765625, 928.706787109375, 1859.290283203125], [403.4703674316406, 486.71588134765625, 928.706787109375, 1859.290283203125], [403.4703674316406, 486.71588134765625, 928.706787109375, 1859.290283203125], [403.4703674316406, 486.71588134765625, 928.706787109375, 1859.290283203125], [403.4703674316406, 486.71588134765625, 928.706787109375, 1859.290283203125], [469.18353271484375, 387.9958190917969, 1028.5828857421875, 1218.646240234375], [520.6171875, 715.74560546875, 1045.8359375, 1186.4114990234375], [520.6171875, 715.74560546875, 1045.8359375, 1186.4114990234375], [520.6171875, 715.74560546875, 1045.8359375, 1186.4114990234375], [684.6428833007812, 1430.463623046875, 1447.6826171875, 1917.72216796875], [419.0599060058594, 1163.8116455078125, 1450.256591796875, 1909.523193359375], [419.0599060058594, 1163.8116455078125, 1450.256591796875, 1909.523193359375], [419.0599060058594, 1163.8116455078125, 1450.256591796875, 1909.523193359375], [367.91705322265625, 738.1941528320312, 1036.5701904296875, 1899.364990234375], [-28.87555694580078, 1026.0377197265625, 613.2996826171875, 1758.833984375], [998.9730224609375, 278.1701965332031, 1434.16015625, 1349.737060546875], [381.6498718261719, 873.5084228515625, 1090.52490234375, 1901.13623046875], [354.38409423828125, 378.3222961425781, 1036.6663818359375, 1215.1552734375], [508.1150817871094, 389.32843017578125, 897.1915893554688, 1266.970703125], [1053.338134765625, 587.93994140625, 1426.1790771484375, 1524.2364501953125], [398.0638122558594, 430.94232177734375, 985.1472778320312, 1878.8551025390625], [398.0638122558594, 430.94232177734375, 985.1472778320312, 1878.8551025390625], [398.0638122558594, 430.94232177734375, 985.1472778320312, 1878.8551025390625], [398.0638122558594, 430.94232177734375, 985.1472778320312, 1878.8551025390625], [409.9687805175781, 451.4842834472656, 989.5805053710938, 1703.452880859375], [409.9687805175781, 451.4842834472656, 989.5805053710938, 1703.452880859375], [409.9687805175781, 451.4842834472656, 989.5805053710938, 1703.452880859375], [409.9687805175781, 451.4842834472656, 989.5805053710938, 1703.452880859375], [409.9687805175781, 451.4842834472656, 989.5805053710938, 1703.452880859375], [409.9687805175781, 451.4842834472656, 989.5805053710938, 1703.452880859375], [409.9687805175781, 451.4842834472656, 989.5805053710938, 1703.452880859375], [1140.53271484375, -116.37726593017578, 1457.6702880859375, 538.0166015625], [616.185546875, 864.2433471679688, 1051.5494384765625, 1707.32470703125], [487.46270751953125, 442.38446044921875, 949.8743896484375, 1163.7386474609375], [664.0360717773438, 658.8582153320312, 1505.9853515625, 1318.0279541015625], [66.62751770019531, 107.69660949707031, 923.1875, 840.9124755859375], [66.62751770019531, 107.69660949707031, 923.1875, 840.9124755859375], [763.2838134765625, 515.4327392578125, 1436.905029296875, 1786.941162109375], [763.2838134765625, 515.4327392578125, 1436.905029296875, 1786.941162109375], [427.8046875, 877.36572265625, 1439.970703125, 1901.4920654296875], [427.8046875, 877.36572265625, 1439.970703125, 1901.4920654296875], [427.8046875, 877.36572265625, 1439.970703125, 1901.4920654296875], [427.8046875, 877.36572265625, 1439.970703125, 1901.4920654296875], [427.8046875, 877.36572265625, 1439.970703125, 1901.4920654296875], [836.798828125, 564.744384765625, 1420.85498046875, 1225.677734375], [429.4396667480469, 16.266300201416016, 1434.816162109375, 787.4310302734375], [475.9261169433594, 252.92184448242188, 931.7991943359375, 773.2544555664062], [475.9261169433594, 252.92184448242188, 931.7991943359375, 773.2544555664062], [323.6889953613281, 424.00433349609375, 1046.3192138671875, 1188.68017578125], [403.2274169921875, 443.055908203125, 936.3343505859375, 1873.65576171875], [403.2274169921875, 443.055908203125, 936.3343505859375, 1873.65576171875], [403.2274169921875, 443.055908203125, 936.3343505859375, 1873.65576171875], [403.2274169921875, 443.055908203125, 936.3343505859375, 1873.65576171875], [403.2274169921875, 443.055908203125, 936.3343505859375, 1873.65576171875], [390.2496337890625, 420.32977294921875, 974.7381591796875, 