{"labels": [0, 2, 3, 4, 5, 6, 7, 8, 9, 10, 11, 12, 13, 14, 16, 17, 18, 19, 0, 6, 6, 0, 6, 0, 6, 6, 6, 6, 18, 6, 0, 6, 18, 6, 7, 6, 6, 7, 0, 6, 6, 6, 6, 6, 6, 6, 6, 6, 7, 6, 6, 6, 1, 6, 6, 6, 7, 6, 0, 6, 18, 1, 5, 6, 6, 6, 6, 6, 18, 0, 6, 18, 6, 18, 6, 0, 6, 6, 6, 6, 18, 6, 6, 7, 6, 0, 6, 6, 18, 6, 6, 6, 6, 6, 6, 6, 0, 0, 15, 6], "scores": [0.004415531177073717, 0.020512165501713753, 0.012805845588445663, 0.018633609637618065, 0.013351906090974808, 0.9287463426589966, 0.035226866602897644, 0.01018917839974165, 0.015962425619363785, 0.009946152567863464, 0.003885489422827959, 0.008824227377772331, 0.008316580206155777, 0.00913474801927805, 0.003922815900295973, 0.04057414457201958, 0.011532449163496494, 0.009312585927546024, 0.003942602314054966, 0.007853521965444088, 0.004256031475961208, 0.003938860725611448, 0.0063178627751767635, 0.003996464889496565, 0.004599433392286301, 0.0053699566051363945, 0.007303956430405378, 0.003997209016233683, 0.0038780795875936747, 0.004390418529510498, 0.003961462993174791, 0.006916888058185577, 0.004732416942715645, 0.005700363777577877, 0.0038653789088129997, 0.005613692104816437, 0.005619748495519161, 0.004624702036380768, 0.003911225590854883, 0.006592256482690573, 0.004350621718913317, 0.004351569805294275, 0.004137267358601093, 0.004448522813618183, 0.0062889899127185345, 0.004068456124514341, 0.004976663738489151, 0.006414865609258413, 0.003966389689594507, 0.006372314877808094, 0.004293700680136681, 0.003868949832394719, 0.003979010507464409, 0.005753575824201107, 0.005795197561383247, 0.003972556442022324, 0.003918428905308247, 0.004079955164343119, 0.004228149075061083, 0.006585755385458469, 0.004032303113490343, 0.0043864622712135315, 0.004337902180850506, 0.007265019696205854, 0.004009198397397995, 0.0038665300235152245, 0.005832474213093519, 0.0057234507985413074, 0.0040581114590168, 0.0041627101600170135, 0.007224428001791239, 0.003895183326676488, 0.004151137080043554, 0.003998634871095419, 0.005419355817139149, 0.005241831764578819, 0.005707909818738699, 0.004126048646867275, 0.006009779404848814, 0.006277057807892561, 0.004239153116941452, 0.003986232448369265, 0.005208125337958336, 0.003865474136546254, 0.006193533539772034, 0.004290631506592035, 0.004555745981633663, 0.004986980464309454, 0.003921549301594496, 0.006172691471874714, 0.0057360525242984295, 0.005528506822884083, 0.004577586892992258, 0.0038596640806645155, 0.006209349259734154, 0.00441330298781395, 0.003879488678649068, 0.004426172934472561, 0.00391346262767911, 0.0038580363616347313], "bboxes": [[346.5926208496094, 876.6373291015625, 1239.5999755859375, 1405.4884033203125], [346.5926208496094, 876.6373291015625, 1239.5999755859375, 1405.4884033203125], [346.5926208496094, 876.6373291015625, 1239.5999755859375, 1405.4884033203125], [346.5926208496094, 876.6373291015625, 1239.5999755859375, 1405.4884033203125], [346.5926208496094, 876.6373291015625, 1239.5999755859375, 1405.4884033203125], [346.5926208496094, 876.6373291015625, 1239.5999755859375, 1405.4884033203125], [346.5926208496094, 876.6373291015625, 1239.5999755859375, 1405.4884033203125], [346.5926208496094, 876.6373291015625, 1239.5999755859375, 1405.4884033203125], [346.5926208496094, 876.6373291015625, 1239.5999755859375, 1405.4884033203125], [346.5926208496094, 876.6373291015625, 1239.5999755859375, 1405.4884033203125], [346.5926208496094, 876.6373291015625, 1239.5999755859375, 1405.4884033203125], [346.5926208496094, 876.6373291015625, 1239.5999755859375, 1405.4884033203125], [346.5926208496094, 876.6373291015625, 1239.5999755859375, 1405.4884033203125], [346.5926208496094, 876.6373291015625, 1239.5999755859375, 1405.4884033203125], [346.5926208496094, 876.6373291015625, 1239.5999755859375, 1405.4884033203125], [346.5926208496094, 876.6373291015625, 1239.5999755859375, 1405.4884033203125], [346.5926208496094, 876.6373291015625, 1239.5999755859375, 1405.4884033203125], [346.5926208496094, 876.6373291015625, 1239.5999755859375, 1405.4884033203125], [330.818115234375, 877.7852783203125, 1251.5982666015625, 1400.4273681640625], [330.818115234375, 877.7852783203125, 1251.5982666015625, 1400.4273681640625], [959.0408325195312, 899.8046264648438, 1240.2861328125, 1409.9267578125], [843.5701293945312, 895.2254028320312, 1238.5579833984375, 1397.583251953125], [843.5701293945312, 895.2254028320312, 1238.5579833984375, 1397.583251953125], [953.3623046875, 907.7108154296875, 1333.565673828125, 1158.134033203125], [925.1292114257812, 903.6582641601562, 1240.600341796875, 1407.765869140625], [312.82452392578125, 909.8021240234375, 1259.8883056640625, 1396.804443359375], [826.277099609375, 905.9973754882812, 1233.6307373046875, 1392.7867431640625], [329.2945251464844, 933.63427734375, 1121.2225341796875, 1400.715087890625], [329.2945251464844, 933.63427734375, 1121.2225341796875, 1400.715087890625], [529.922119140625, 878.4133911132812, 1234.740234375, 1473.0267333984375], [319.09381103515625, 885.5397338867188, 1252.9013671875, 1408.65283203125], [319.09381103515625, 885.5397338867188, 1252.9013671875, 1408.65283203125], [319.09381103515625, 885.5397338867188, 1252.9013671875, 1408.65283203125], [319.8392028808594, 902.1913452148438, 1259.87646484375, 1403.323974609375], [319.8392028808594, 902.1913452148438, 1259.87646484375, 1403.323974609375], [287.6172180175781, 874.0402221679688, 1261.20849609375, 1410.9078369140625], [467.65216064453125, 928.1209716796875, 1243.0506591796875, 1395.3880615234375], [467.65216064453125, 928.1209716796875, 1243.0506591796875, 1395.3880615234375], [312.467529296875, 879.3209228515625, 1260.1802978515625, 1428.258056640625], [312.467529296875, 879.3209228515625, 1260.1802978515625, 1428.258056640625], [928.1102294921875, 922.0162353515625, 1242.713134765625, 1407.613525390625], [771.2857055664062, 991.4203491210938, 1226.94580078125, 1397.7132568359375], [724.667724609375, 1009.8887329101562, 1245.6627197265625, 1395.34033203125], [296.08416748046875, 874.0532836914062, 1257.7591552734375, 1455.582275390625], [311.5013427734375, 891.4413452148438, 1258.7171630859375, 1405.3736572265625], [425.02862548828125, 896.9801635742188, 1168.252197265625, 1172.2744140625], [847.2523803710938, 944.4194946289062, 1233.40576171875, 1396.45654296875], [867.74658203125, 903.052734375, 1228.242919921875, 1408.0601806640625], [603.8316040039062, 909.0697631835938, 1174.117431640625, 1421.3878173828125], [330.0613098144531, 879.3079223632812, 1252.658203125, 1397.96533203125], [310.5711364746094, 1008.3379516601562, 1263.510498046875, 1398.3094482421875], [1080.737548828125, 1041.5960693359375, 1242.1256103515625, 1375.9068603515625], [1026.0751953125, 507.9009704589844, 1428.3983154296875, 1201.7811279296875], [335.0309143066406, 921.5450439453125, 1254.871826171875, 1395.3597412109375], [905.1897583007812, 911.2684936523438, 1235.5816650390625, 1394.6910400390625], [427.76885986328125, 878.7339477539062, 1040.6539306640625, 1424.37451171875], [427.76885986328125, 878.7339477539062, 1040.6539306640625, 1424.37451171875], [320.60784912109375, 859.5493774414062, 1115.0029296875, 1439.3232421875], [906.1287231445312, 905.5682373046875, 1235.865234375, 1394.318115234375], [906.1287231445312, 905.5682373046875, 1235.865234375, 1394.318115234375], [370.358154296875, 1008.5866088867188, 667.8849487304688, 1379.3092041015625], [845.4862670898438, 556.5357666015625, 1257.12451171875, 1106.4847412109375], [845.4862670898438, 556.5357666015625, 1257.12451171875, 1106.4847412109375], [324.8775634765625, 878.261474609375, 1252.9495849609375, 1398.4329833984375], [535.66552734375, 889.3237915039062, 1194.742919921875, 1448.2506103515625], [556.8904418945312, 1091.3485107421875, 1221.60205078125, 1401.6304931640625], [918.0126953125, 906.6630859375, 1226.8148193359375, 1457.4324951171875], [303.5342102050781, 884.668701171875, 1252.824951171875, 1410.386474609375], [303.5342102050781, 884.668701171875, 1252.824951171875, 1410.386474609375], [864.2233276367188, 908.696044921875, 