{"labels": [6, 6, 6, 6, 6, 6, 6, 6, 6, 6, 6, 6, 6, 6, 0, 5, 6, 7, 9, 12, 14, 17, 6, 6, 6, 6, 6, 6, 6, 6, 6, 6, 6, 6, 6, 6, 0, 5, 6, 14, 6, 6, 6, 6, 6, 6, 6, 6, 6, 6, 6, 6, 6, 6, 6, 6, 6, 3, 15, 16, 6, 6, 6, 5, 6, 6, 0, 2, 4, 6, 7, 9, 12, 13, 14, 6, 6, 6, 6, 6, 0, 6, 13, 14, 6, 6, 6, 6, 6, 6, 6, 6, 6, 14, 0, 5, 6, 14, 6, 6], "scores": [0.021024564281105995, 0.02963276207447052, 0.02981707453727722, 0.023668725043535233, 0.031044814735651016, 0.033941637724637985, 0.03295663371682167, 0.023023445159196854, 0.023804526776075363, 0.07813658565282822, 0.02180296555161476, 0.025323372334241867, 0.031806040555238724, 0.01881064847111702, 0.026928406208753586, 0.01548436563462019, 0.8879228234291077, 0.019995782524347305, 0.017821617424488068, 0.01665319874882698, 0.014926324598491192, 0.015230122022330761, 0.08111098408699036, 0.08600376546382904, 0.022433271631598473, 0.02393917366862297, 0.032223429530858994, 0.023427395150065422, 0.024948470294475555, 0.017439110204577446, 0.2149718701839447, 0.03884032368659973, 0.02262932062149048, 0.06416067481040955, 0.020540433004498482, 0.03683771938085556, 0.014748888090252876, 0.01571505516767502, 0.6246154308319092, 0.015361381694674492, 0.024832719936966896, 0.2683117389678955, 0.03095278888940811, 0.05343978852033615, 0.03648912161588669, 0.025655480101704597, 0.02832675166428089, 0.016564536839723587, 0.02383945696055889, 0.050044070929288864, 0.016626941040158272, 0.02942810207605362, 0.024314675480127335, 0.13452216982841492, 0.0195925310254097, 0.030076464638113976, 0.02241291105747223, 0.05870557203888893, 0.03391193971037865, 0.014832367189228535, 0.016988923773169518, 0.07645292580127716, 0.026241442188620567, 0.01814335212111473, 0.018105750903487206, 0.022862223908305168, 0.023209545761346817, 0.0166768915951252, 0.0821118950843811, 0.6534640192985535, 0.020833835005760193, 0.014787422493100166, 0.015052665024995804, 0.1015888974070549, 0.029294274747371674, 0.01474771648645401, 0.025537630543112755, 0.0260054562240839, 0.021301258355379105, 0.028862204402685165, 0.015086488798260689, 0.4061315953731537, 0.046360358595848083, 0.018465951085090637, 0.02245892584323883, 0.09947478771209717, 0.0371723510324955, 0.01485526654869318, 0.036275800317525864, 0.015061206184327602, 0.16338728368282318, 0.01987789012491703, 0.37392958998680115, 0.016057878732681274, 0.015104090794920921, 0.016591016203165054, 0.5115941166877747, 0.02071724273264408, 0.01773836836218834, 0.014661415480077267], "bboxes": [[545.3851318359375, 447.1452331542969, 890.307373046875, 569.716796875], [860.6356201171875, 424.91607666015625, 1151.0333251953125, 523.95556640625], [859.4673461914062, 426.0997314453125, 1151.584716796875, 519.819580078125], [858.4376831054688, 429.15069580078125, 1143.703125, 479.5099792480469], [863.3727416992188, 429.29034423828125, 1046.9588623046875, 536.1549682617188], [556.1560668945312, 442.22369384765625, 701.8781127929688, 574.09228515625], [859.8614501953125, 425.2174072265625, 1151.1263427734375, 525.1854248046875], [295.0617980957031, 431.2734680175781, 543.2603759765625, 509.1305236816406], [557.51953125, 443.1871032714844, 701.0263061523438, 573.0093383789062], [385.9991149902344, 432.62139892578125, 568.8148803710938, 534.083984375], [545.919921875, 446.2055358886719, 889.891845703125, 569.8751831054688], [877.953857421875, 428.1727294921875, 1034.114013671875, 538.4153442382812], [741.843017578125, 452.9830322265625, 889.3550415039062, 570.26953125], [288.04510498046875, 432.210693359375, 644.5336303710938, 524.5205078125], [862.170166015625, 423.26177978515625, 1152.1448974609375, 530.5407104492188], [862.170166015625, 423.26177978515625, 1152.1448974609375, 530.5407104492188], [862.170166015625, 423.26177978515625, 1152.1448974609375, 530.5407104492188], [862.170166015625, 423.26177978515625, 1152.1448974609375, 530.5407104492188], [862.170166015625, 423.26177978515625, 1152.1448974609375, 530.5407104492188], [862.170166015625, 423.26177978515625, 1152.1448974609375, 530.5407104492188], [862.170166015625, 423.26177978515625, 1152.1448974609375, 530.5407104492188], [862.170166015625, 423.26177978515625, 1152.1448974609375, 530.5407104492188], [296.2475280761719, 431.45849609375, 574.6966552734375, 521.5255737304688], [863.51708984375, 429.3194274902344, 1048.3514404296875, 536.6427612304688], [743.010986328125, 453.2818603515625, 886.8902587890625, 570.4922485351562], [742.9627685546875, 453.1745910644531, 888.1585083007812, 570.9658203125], [740.3567504882812, 431.2511901855469, 1068.82177734375, 542.2479248046875], [861.3898315429688, 427.0362854003906, 1063.045654296875, 535.7996826171875], [389.75897216796875, 432.3899841308594, 570.1904296875, 534.7412109375], [739.68017578125, 454.7425842285156, 889.9925537109375, 569.3493041992188], [864.7470703125, 428.5254821777344, 1043.2996826171875, 537.345458984375], [292.49267578125, 429.734130859375, 472.4920349121094, 509.06109619140625], [741.3004150390625, 453.5919494628906, 889.4588623046875, 570.3878784179688], [857.3624267578125, 425.30291748046875, 1152.73974609375, 530.3040771484375], [385.4715270996094, 436.4526062011719, 712.8770751953125, 551.0073852539062], [977.1519165039062, 423.7140808105469, 1147.4637451171875, 508.7281188964844], [972.5014038085938, 423.649658203125, 1147.512939453125, 508.03045654296875], [972.5014038085938, 423.649658203125, 1147.512939453125, 508.03045654296875], [972.5014038085938, 423.649658203125, 1147.512939453125, 508.03045654296875], [972.5014038085938, 423.649658203125, 1147.512939453125, 508.03045654296875], [740.8450927734375, 433.4512634277344, 1055.403564453125, 558.6968994140625], [854.7494506835938, 423.95513916015625, 1153.8734130859375, 531.227783203125], [293.0119934082031, 432.15289306640625, 514.9989624023438, 508.0941467285156], [860.297119140625, 426.0091552734375, 1155.0906982421875, 514.1533813476562], [294.5111083984375, 427.93646240234375, 459.9476318359375, 509.3008728027344], [856.1178588867188, 428.0909423828125, 1091.240234375, 534.5843505859375], [874.3074340820312, 428.7409362792969, 1033.709716796875, 538.7076416015625], [528.1219482421875, 448.21160888671875, 897.6085815429688, 569.7366333007812], [291.7910461425781, 428.4539794921875, 470.260986328125, 514.1406860351562], [398.1478271484375, 433.6526184082031, 565.0525512695312, 534.6182861328125], [853.708740234375, 428.03558349609375, 1069.335205078125, 534.7682495117188], [397.411376953125, 433.9051513671875, 564.867431640625, 535.0711059570312], [862.8174438476562, 426.0541076660156, 1153.7432861328125, 511.45404052734375], [863.5068969726562, 424.6743469238281, 1152.7509765625, 515.8217163085938], [397.0245056152344, 432.6152038574219, 563.6871337890625, 535.1033935546875], [309.76153564453125, 433.2419738769531, 605.91064453125, 530.6931762695312], [287.6324462890625, 431.8796081542969, 634.3311767578125, 525.79248046875], [298.1432189941406, 570.998291015625, 1293.8409423828125, 921.7791748046875], [298.1432189941406, 570.998291015625, 1293.8409423828125, 921.7791748046875], [298.1432189941406, 570.998291015625, 1293.8409423828125, 921.7791748046875], [850.263671875, 427.53179931640625, 1070.8414306640625, 534.3925170898438], [855.1323852539062, 426.2687072753906, 1113.5633544921875, 532.4585571289062], [398.0569152832031, 433.6108703613281, 564.2666015625, 535.0338134765625], [631.1633911132812, 356.22467041015625, 1050.2977294921875, 544.6954345703125], [631.1633911132812, 356.22467041015625, 1050.2977294921875, 544.6954345703125], [292.4397888183594, 430.9344177246094, 574.78173828125, 519.4215087890625], [553.88623046875, 442.0760498046875, 702.355224609375, 571.7061767578125], [553.88623046875, 442.0760498046875, 702.355224609375, 571.7061767578125], [553.88623046875, 442.0760498046875, 702.355224609375, 571.7061767578125], [553.88623046875, 442.0760498046875, 702.355224609375, 571.7061767578125], [553.88623046875, 442.0760498046875, 702.355224609375, 571.7061767578125], [553.88623046875, 442.0760498046875, 